model,dataset,class,precision,recall,f1_score,support
Random Forest,cv,Show (0),0.8454136897902742,0.7635029659694037,0.8023732706294089,19218.0
Random Forest,cv,No-Show (1),0.3159241420830825,0.43893768297783353,0.3674076667250131,4782.0
XGBoost,cv,Show (0),0.9045018205892089,0.5687376417941513,0.6983579324004856,19218.0
XGBoost,cv,No-Show (1),0.3044645854313528,0.7586783772480133,0.4345430590489879,4782.0
