model,dataset,class,precision,recall,f1_score,support
Random Forest,test,Show (0),0.8456221198156681,0.763946711074105,0.8027121609798775,4804.0
Random Forest,test,No-Show (1),0.3168674698795181,0.4397993311036789,0.36834733893557425,1196.0
XGBoost,test,Show (0),0.9059686562187396,0.5655703580349709,0.696398820966295,4804.0
XGBoost,test,No-Show (1),0.3045651449516828,0.7642140468227425,0.43554920181081724,1196.0
