metric,dataset,Random Forest,XGBoost,difference,better_model
accuracy,test,0.6993333333333334,0.6051666666666666,0.09416666666666673,Random Forest
precision,test,0.3168674698795181,0.3045651449516828,0.012302324927835284,Random Forest
recall,test,0.4397993311036789,0.7642140468227425,-0.3244147157190636,XGBoost
f1_score,test,0.36834733893557425,0.43554920181081724,-0.06720186287524299,XGBoost
roc_auc,test,0.6806547428425032,0.7230200620163242,-0.042365319173821026,XGBoost
mcc,test,0.1819522211886577,0.2634971808604788,-0.0815449596718211,XGBoost
kappa,test,0.17783746338854922,0.21049158590878003,-0.03265412252023081,XGBoost
